"0","input/maze-1.in","Synchronous Policy Iteration","0","1610.071000"
"0","input/maze-1.in","Synchronous Policy Iteration","1","806.164000"
"0","input/maze-1.in","Synchronous Policy Iteration","2","204.605000"
"0","input/maze-1.in","Monte Carlo First Visit","0","204.890000"
"0","input/maze-1.in","Monte Carlo First Visit","1","39.852000"
"0","input/maze-1.in","Monte Carlo First Visit","2","39.009000"
"0","input/maze-1.in","Monte Carlo First Visit","3","47.787000"
"0","input/maze-1.in","Monte Carlo First Visit","4","36.716000"
"0","input/maze-1.in","Monte Carlo First Visit","5","89.041000"
"0","input/maze-1.in","Monte Carlo First Visit","6","40.738000"
"0","input/maze-1.in","Monte Carlo First Visit","7","29.404000"
"0","input/maze-1.in","Monte Carlo First Visit","8","18.613000"
"0","input/maze-1.in","Monte Carlo First Visit","9","53.972000"
"0","input/maze-1.in","Monte Carlo First Visit","10","170.181000"
"0","input/maze-1.in","Monte Carlo First Visit","11","171.351000"
"0","input/maze-1.in","Monte Carlo First Visit","12","134.523000"
"0","input/maze-1.in","Monte Carlo First Visit","13","38.906000"
"0","input/maze-1.in","Monte Carlo First Visit","14","64.961000"
"0","input/maze-1.in","Monte Carlo First Visit","15","168.897000"
"0","input/maze-1.in","Monte Carlo First Visit","16","61.662000"
"0","input/maze-1.in","Monte Carlo First Visit","17","165.050000"
"0","input/maze-1.in","Monte Carlo First Visit","18","171.712000"
"0","input/maze-1.in","Monte Carlo First Visit","19","175.006000"
"0","input/maze-1.in","Monte Carlo First Visit","20","60.803000"
"0","input/maze-1.in","Monte Carlo First Visit","21","19.772000"
"0","input/maze-1.in","Monte Carlo First Visit","22","59.159000"
"0","input/maze-1.in","Monte Carlo First Visit","23","78.320000"
"0","input/maze-1.in","Monte Carlo First Visit","24","174.312000"
"0","input/maze-1.in","Monte Carlo First Visit","25","18.759000"
"0","input/maze-1.in","Monte Carlo First Visit","26","171.708000"
"0","input/maze-1.in","Monte Carlo First Visit","27","175.900000"
"0","input/maze-1.in","Monte Carlo First Visit","28","21.440000"
"0","input/maze-1.in","Monte Carlo First Visit","29","165.665000"
"0","input/maze-1.in","Monte Carlo First Visit","30","95.564000"
"0","input/maze-1.in","Monte Carlo First Visit","31","94.071000"
"0","input/maze-1.in","Monte Carlo First Visit","32","19.111000"
"0","input/maze-1.in","Monte Carlo First Visit","33","35.689000"
"0","input/maze-1.in","Monte Carlo First Visit","34","26.940000"
"0","input/maze-1.in","Monte Carlo First Visit","35","62.690000"
"0","input/maze-1.in","Monte Carlo First Visit","36","64.709000"
"0","input/maze-1.in","Monte Carlo First Visit","37","93.410000"
"0","input/maze-1.in","Monte Carlo First Visit","38","111.590000"
"0","input/maze-1.in","Monte Carlo First Visit","39","182.124000"
"0","input/maze-1.in","Monte Carlo First Visit","40","123.710000"
"0","input/maze-1.in","Monte Carlo First Visit","41","59.044000"
"0","input/maze-1.in","Monte Carlo First Visit","42","21.771000"
"0","input/maze-1.in","Monte Carlo First Visit","43","65.193000"
"0","input/maze-1.in","Monte Carlo First Visit","44","49.198000"
"0","input/maze-1.in","Monte Carlo First Visit","45","107.855000"
"0","input/maze-1.in","Monte Carlo First Visit","46","78.077000"
"0","input/maze-1.in","Monte Carlo First Visit","47","57.939000"
"0","input/maze-1.in","Monte Carlo First Visit","48","57.929000"
"0","input/maze-1.in","Monte Carlo First Visit","49","28.621000"
"0","input/maze-1.in","Monte Carlo First Visit","50","27.618000"
"0","input/maze-1.in","Monte Carlo First Visit","51","168.728000"
"0","input/maze-1.in","Monte Carlo First Visit","52","39.126000"
"0","input/maze-1.in","Monte Carlo First Visit","53","132.525000"
"0","input/maze-1.in","Monte Carlo First Visit","54","79.217000"
"0","input/maze-1.in","Monte Carlo First Visit","55","127.788000"
"0","input/maze-1.in","Monte Carlo First Visit","56","46.998000"
"0","input/maze-1.in","Monte Carlo First Visit","57","59.320000"
"0","input/maze-1.in","Monte Carlo First Visit","58","49.208000"
"0","input/maze-1.in","Monte Carlo First Visit","59","38.471000"
"0","input/maze-1.in","Monte Carlo First Visit","60","76.585000"
"0","input/maze-1.in","Monte Carlo First Visit","61","135.623000"
"0","input/maze-1.in","Monte Carlo First Visit","62","170.101000"
"0","input/maze-1.in","Monte Carlo First Visit","63","28.729000"
"0","input/maze-1.in","Monte Carlo First Visit","64","29.011000"
"0","input/maze-1.in","Monte Carlo First Visit","65","28.847000"
"0","input/maze-1.in","Monte Carlo First Visit","66","18.591000"
"0","input/maze-1.in","Monte Carlo First Visit","67","87.203000"
"0","input/maze-1.in","Monte Carlo First Visit","68","138.071000"
"0","input/maze-1.in","Monte Carlo First Visit","69","60.246000"
"0","input/maze-1.in","Monte Carlo First Visit","70","89.391000"
"0","input/maze-1.in","Monte Carlo First Visit","71","167.861000"
"0","input/maze-1.in","Monte Carlo First Visit","72","59.321000"
"0","input/maze-1.in","Monte Carlo First Visit","73","79.232000"
"0","input/maze-1.in","Monte Carlo First Visit","74","19.339000"
"0","input/maze-1.in","Monte Carlo First Visit","75","58.038000"
"0","input/maze-1.in","Monte Carlo First Visit","76","176.126000"
"0","input/maze-1.in","Monte Carlo First Visit","77","38.914000"
"0","input/maze-1.in","Monte Carlo First Visit","78","58.306000"
"0","input/maze-1.in","Monte Carlo First Visit","79","179.823000"
"0","input/maze-1.in","Monte Carlo First Visit","80","51.462000"
"0","input/maze-1.in","Monte Carlo First Visit","81","162.027000"
"0","input/maze-1.in","Monte Carlo First Visit","82","72.222000"
"0","input/maze-1.in","Monte Carlo First Visit","83","128.566000"
"0","input/maze-1.in","Monte Carlo First Visit","84","59.030000"
"0","input/maze-1.in","Monte Carlo First Visit","85","28.348000"
"0","input/maze-1.in","Monte Carlo First Visit","86","39.389000"
"0","input/maze-1.in","Monte Carlo First Visit","87","126.519000"
"0","input/maze-1.in","Monte Carlo First Visit","88","41.191000"
"0","input/maze-1.in","Monte Carlo First Visit","89","180.736000"
"0","input/maze-1.in","Monte Carlo First Visit","90","234.070000"
"0","input/maze-1.in","Monte Carlo First Visit","91","45.609000"
"0","input/maze-1.in","Monte Carlo First Visit","92","46.323000"
"0","input/maze-1.in","Monte Carlo First Visit","93","54.981000"
"0","input/maze-1.in","Monte Carlo First Visit","94","109.954000"
"0","input/maze-1.in","Monte Carlo First Visit","95","97.096000"
"0","input/maze-1.in","Monte Carlo First Visit","96","77.962000"
"0","input/maze-1.in","Monte Carlo First Visit","97","57.403000"
"0","input/maze-1.in","Monte Carlo First Visit","98","106.472000"
"0","input/maze-1.in","Monte Carlo First Visit","99","186.968000"
"0","input/maze-1.in","Monte Carlo First Visit","100","272.254000"
"0","input/maze-1.in","Monte Carlo First Visit","101","99.162000"
"0","input/maze-1.in","Monte Carlo First Visit","102","35.895000"
"0","input/maze-1.in","Monte Carlo First Visit","103","223.147000"
"0","input/maze-1.in","Monte Carlo First Visit","104","89.569000"
"0","input/maze-1.in","Monte Carlo First Visit","105","49.779000"
"0","input/maze-1.in","Monte Carlo First Visit","106","58.382000"
"0","input/maze-1.in","Monte Carlo First Visit","107","29.252000"
"0","input/maze-1.in","Monte Carlo First Visit","108","19.659000"
"0","input/maze-1.in","Monte Carlo First Visit","109","60.056000"
"0","input/maze-1.in","Monte Carlo First Visit","110","40.833000"
"0","input/maze-1.in","Monte Carlo First Visit","111","209.353000"
"0","input/maze-1.in","Monte Carlo First Visit","112","51.514000"
"0","input/maze-1.in","Monte Carlo First Visit","113","233.068000"
"0","input/maze-1.in","Monte Carlo First Visit","114","325.924000"
"0","input/maze-1.in","Monte Carlo First Visit","115","65.020000"
"0","input/maze-1.in","Monte Carlo First Visit","116","140.810000"
"0","input/maze-1.in","Monte Carlo First Visit","117","126.536000"
"0","input/maze-1.in","Monte Carlo First Visit","118","67.902000"
"0","input/maze-1.in","Monte Carlo First Visit","119","231.464000"
"0","input/maze-1.in","Monte Carlo First Visit","120","238.801000"
"0","input/maze-1.in","Monte Carlo First Visit","121","143.933000"
"0","input/maze-1.in","Monte Carlo First Visit","122","33.969000"
"0","input/maze-1.in","Monte Carlo First Visit","123","283.132000"
"0","input/maze-1.in","Monte Carlo First Visit","124","144.206000"
"0","input/maze-1.in","Monte Carlo First Visit","125","134.949000"
"0","input/maze-1.in","Monte Carlo First Visit","126","41.604000"
"0","input/maze-1.in","Monte Carlo First Visit","127","22.956000"
"0","input/maze-1.in","Monte Carlo First Visit","128","39.070000"
"0","input/maze-1.in","Monte Carlo First Visit","129","94.182000"
"0","input/maze-1.in","Monte Carlo First Visit","130","59.787000"
"0","input/maze-1.in","Monte Carlo First Visit","131","103.112000"
"0","input/maze-1.in","Monte Carlo First Visit","132","65.074000"
"0","input/maze-1.in","Monte Carlo First Visit","133","16.582000"
"0","input/maze-1.in","Monte Carlo First Visit","134","23.668000"
"0","input/maze-1.in","Monte Carlo First Visit","135","148.319000"
"0","input/maze-1.in","Monte Carlo First Visit","136","32.558000"
"0","input/maze-1.in","Monte Carlo First Visit","137","187.903000"
"0","input/maze-1.in","Monte Carlo First Visit","138","215.780000"
"0","input/maze-1.in","Monte Carlo First Visit","139","108.761000"
"0","input/maze-1.in","Monte Carlo First Visit","140","91.000000"
"0","input/maze-1.in","Monte Carlo First Visit","141","59.484000"
"0","input/maze-1.in","Monte Carlo First Visit","142","105.600000"
"0","input/maze-1.in","Monte Carlo First Visit","143","99.332000"
"0","input/maze-1.in","Monte Carlo First Visit","144","93.335000"
"0","input/maze-1.in","Monte Carlo First Visit","145","78.899000"
"0","input/maze-1.in","Monte Carlo First Visit","146","129.313000"
"0","input/maze-1.in","Monte Carlo First Visit","147","46.921000"
"0","input/maze-1.in","Monte Carlo First Visit","148","23.978000"
"0","input/maze-1.in","Monte Carlo First Visit","149","64.324000"
"0","input/maze-1.in","Monte Carlo First Visit","150","63.084000"
"0","input/maze-1.in","Monte Carlo First Visit","151","16.120000"
"0","input/maze-1.in","Monte Carlo First Visit","152","33.623000"
"0","input/maze-1.in","Monte Carlo First Visit","153","55.753000"
"0","input/maze-1.in","Monte Carlo First Visit","154","158.958000"
"0","input/maze-1.in","Monte Carlo First Visit","155","95.894000"
"0","input/maze-1.in","Monte Carlo First Visit","156","78.640000"
"0","input/maze-1.in","Monte Carlo First Visit","157","146.468000"
"0","input/maze-1.in","Monte Carlo First Visit","158","72.482000"
"0","input/maze-1.in","Monte Carlo First Visit","159","136.270000"
"0","input/maze-1.in","Monte Carlo First Visit","160","59.545000"
"0","input/maze-1.in","Monte Carlo First Visit","161","56.988000"
"0","input/maze-1.in","Monte Carlo First Visit","162","31.727000"
"0","input/maze-1.in","Monte Carlo First Visit","163","39.096000"
"0","input/maze-1.in","Monte Carlo First Visit","164","172.401000"
"0","input/maze-1.in","Monte Carlo First Visit","165","222.961000"
"0","input/maze-1.in","Monte Carlo First Visit","166","98.111000"
"0","input/maze-1.in","Monte Carlo First Visit","167","97.883000"
"0","input/maze-1.in","Monte Carlo First Visit","168","38.341000"
"0","input/maze-1.in","Monte Carlo First Visit","169","150.868000"
"0","input/maze-1.in","Monte Carlo First Visit","170","104.579000"
"0","input/maze-1.in","Monte Carlo First Visit","171","29.968000"
"0","input/maze-1.in","Monte Carlo First Visit","172","31.140000"
"0","input/maze-1.in","Monte Carlo First Visit","173","64.524000"
"0","input/maze-1.in","Monte Carlo First Visit","174","39.311000"
"0","input/maze-1.in","Monte Carlo First Visit","175","41.685000"
"0","input/maze-1.in","Monte Carlo First Visit","176","48.046000"
"0","input/maze-1.in","Monte Carlo First Visit","177","39.916000"
"0","input/maze-1.in","Monte Carlo First Visit","178","85.974000"
"0","input/maze-1.in","Monte Carlo First Visit","179","72.314000"
"0","input/maze-1.in","Monte Carlo First Visit","180","44.596000"
"0","input/maze-1.in","Monte Carlo First Visit","181","48.749000"
"0","input/maze-1.in","Monte Carlo First Visit","182","73.394000"
"0","input/maze-1.in","Monte Carlo First Visit","183","55.664000"
"0","input/maze-1.in","Monte Carlo First Visit","184","24.691000"
"0","input/maze-1.in","Monte Carlo First Visit","185","100.716000"
"0","input/maze-1.in","Monte Carlo First Visit","186","55.209000"
"0","input/maze-1.in","Monte Carlo First Visit","187","74.914000"
"0","input/maze-1.in","Monte Carlo First Visit","188","84.231000"
"0","input/maze-1.in","Monte Carlo First Visit","189","77.150000"
"0","input/maze-1.in","Monte Carlo First Visit","190","89.858000"
"0","input/maze-1.in","Monte Carlo First Visit","191","79.757000"
"0","input/maze-1.in","Monte Carlo First Visit","192","170.312000"
"0","input/maze-1.in","Monte Carlo First Visit","193","246.983000"
"0","input/maze-1.in","Monte Carlo First Visit","194","88.757000"
"0","input/maze-1.in","Monte Carlo First Visit","195","121.966000"
"0","input/maze-1.in","Monte Carlo First Visit","196","78.449000"
"0","input/maze-1.in","Monte Carlo First Visit","197","77.955000"
"0","input/maze-1.in","Monte Carlo First Visit","198","40.676000"
"0","input/maze-1.in","Monte Carlo First Visit","199","149.534000"
"0","input/maze-1.in","Monte Carlo First Visit","200","138.174000"
"0","input/maze-1.in","Monte Carlo First Visit","201","79.416000"
"0","input/maze-1.in","Monte Carlo First Visit","202","93.587000"
"0","input/maze-1.in","Monte Carlo First Visit","203","77.536000"
"0","input/maze-1.in","Monte Carlo First Visit","204","41.657000"
"0","input/maze-1.in","Monte Carlo First Visit","205","48.168000"
"0","input/maze-1.in","Monte Carlo First Visit","206","73.215000"
"0","input/maze-1.in","Monte Carlo First Visit","207","74.211000"
"0","input/maze-1.in","Monte Carlo First Visit","208","47.824000"
"0","input/maze-1.in","Monte Carlo First Visit","209","40.861000"
"0","input/maze-1.in","Monte Carlo First Visit","210","42.120000"
"0","input/maze-1.in","Monte Carlo First Visit","211","24.421000"
"0","input/maze-1.in","Monte Carlo First Visit","212","39.649000"
"0","input/maze-1.in","Monte Carlo First Visit","213","24.871000"
"0","input/maze-1.in","Monte Carlo First Visit","214","80.804000"
"0","input/maze-1.in","Monte Carlo First Visit","215","47.653000"
"0","input/maze-1.in","Monte Carlo First Visit","216","24.713000"
"0","input/maze-1.in","Monte Carlo First Visit","217","39.614000"
"0","input/maze-1.in","Monte Carlo First Visit","218","71.334000"
"0","input/maze-1.in","Monte Carlo First Visit","219","90.926000"
"0","input/maze-1.in","Monte Carlo First Visit","220","32.831000"
"0","input/maze-1.in","Monte Carlo First Visit","221","32.072000"
"0","input/maze-1.in","Monte Carlo First Visit","222","40.972000"
"0","input/maze-1.in","Monte Carlo First Visit","223","41.938000"
"0","input/maze-1.in","Monte Carlo First Visit","224","16.486000"
"0","input/maze-1.in","Monte Carlo First Visit","225","83.579000"
"0","input/maze-1.in","Monte Carlo First Visit","226","33.739000"
"0","input/maze-1.in","Monte Carlo First Visit","227","72.006000"
"0","input/maze-1.in","Monte Carlo First Visit","228","49.316000"
"0","input/maze-1.in","Monte Carlo First Visit","229","76.226000"
"0","input/maze-1.in","Monte Carlo First Visit","230","55.781000"
"0","input/maze-1.in","Monte Carlo First Visit","231","24.858000"
"0","input/maze-1.in","Monte Carlo First Visit","232","32.807000"
"0","input/maze-1.in","Monte Carlo First Visit","233","38.551000"
"0","input/maze-1.in","Monte Carlo First Visit","234","25.096000"
"0","input/maze-1.in","Monte Carlo First Visit","235","16.808000"
"0","input/maze-1.in","Monte Carlo First Visit","236","25.330000"
"0","input/maze-1.in","Monte Carlo First Visit","237","81.048000"
"0","input/maze-1.in","Monte Carlo First Visit","238","25.588000"
"0","input/maze-1.in","Monte Carlo First Visit","239","65.072000"
"0","input/maze-1.in","Monte Carlo First Visit","240","39.843000"
"0","input/maze-1.in","Monte Carlo First Visit","241","49.080000"
"0","input/maze-1.in","Monte Carlo First Visit","242","35.166000"
"0","input/maze-1.in","Monte Carlo First Visit","243","24.547000"
"0","input/maze-1.in","Monte Carlo First Visit","244","32.473000"
"0","input/maze-1.in","Monte Carlo First Visit","245","49.062000"
"0","input/maze-1.in","Monte Carlo First Visit","246","32.314000"
"0","input/maze-1.in","Monte Carlo First Visit","247","32.911000"
"0","input/maze-1.in","Monte Carlo First Visit","248","49.630000"
"0","input/maze-1.in","Monte Carlo First Visit","249","66.340000"
"0","input/maze-1.in","Monte Carlo First Visit","250","32.203000"
"0","input/maze-1.in","Monte Carlo First Visit","251","60.853000"
"0","input/maze-1.in","Monte Carlo First Visit","252","47.263000"
"0","input/maze-1.in","Monte Carlo First Visit","253","93.892000"
"0","input/maze-1.in","Monte Carlo First Visit","254","126.286000"
"0","input/maze-1.in","Monte Carlo First Visit","255","78.651000"
"0","input/maze-1.in","Monte Carlo First Visit","256","76.156000"
"0","input/maze-1.in","Monte Carlo First Visit","257","58.380000"
"0","input/maze-1.in","Monte Carlo First Visit","258","132.951000"
"0","input/maze-1.in","Monte Carlo First Visit","259","28.285000"
"0","input/maze-1.in","Monte Carlo First Visit","260","55.352000"
"0","input/maze-1.in","Monte Carlo First Visit","261","169.767000"
"0","input/maze-1.in","Monte Carlo First Visit","262","31.731000"
"0","input/maze-1.in","Monte Carlo First Visit","263","96.863000"
"0","input/maze-1.in","Monte Carlo First Visit","264","98.759000"
"0","input/maze-1.in","Monte Carlo First Visit","265","109.439000"
"0","input/maze-1.in","Monte Carlo First Visit","266","251.649000"
"0","input/maze-1.in","Monte Carlo First Visit","267","75.133000"
"0","input/maze-1.in","Monte Carlo First Visit","268","99.407000"
"0","input/maze-1.in","Monte Carlo First Visit","269","116.264000"
"0","input/maze-1.in","Monte Carlo First Visit","270","154.422000"
"0","input/maze-1.in","Monte Carlo First Visit","271","69.409000"
"0","input/maze-1.in","Monte Carlo First Visit","272","41.583000"
"0","input/maze-1.in","Monte Carlo First Visit","273","49.817000"
"0","input/maze-1.in","Monte Carlo First Visit","274","63.717000"
"0","input/maze-1.in","Monte Carlo First Visit","275","78.077000"
"0","input/maze-1.in","Monte Carlo First Visit","276","123.982000"
"0","input/maze-1.in","Monte Carlo First Visit","277","94.286000"
"0","input/maze-1.in","Monte Carlo First Visit","278","35.929000"
"0","input/maze-1.in","Monte Carlo First Visit","279","163.756000"
"0","input/maze-1.in","Monte Carlo First Visit","280","19.410000"
"0","input/maze-1.in","Monte Carlo First Visit","281","53.110000"
"0","input/maze-1.in","Monte Carlo First Visit","282","41.282000"
"0","input/maze-1.in","Monte Carlo First Visit","283","84.923000"
"0","input/maze-1.in","Monte Carlo First Visit","284","33.391000"
"0","input/maze-1.in","Monte Carlo First Visit","285","25.088000"
"0","input/maze-1.in","Monte Carlo First Visit","286","25.124000"
"0","input/maze-1.in","Monte Carlo First Visit","287","34.645000"
"0","input/maze-1.in","Monte Carlo First Visit","288","25.172000"
"0","input/maze-1.in","Monte Carlo First Visit","289","41.444000"
"0","input/maze-1.in","Monte Carlo First Visit","290","24.673000"
"0","input/maze-1.in","Monte Carlo First Visit","291","69.189000"
"0","input/maze-1.in","Monte Carlo First Visit","292","32.742000"
"0","input/maze-1.in","Monte Carlo First Visit","293","73.400000"
"0","input/maze-1.in","Monte Carlo First Visit","294","43.925000"
"0","input/maze-1.in","Monte Carlo First Visit","295","33.368000"
"0","input/maze-1.in","Monte Carlo First Visit","296","34.635000"
"0","input/maze-1.in","Monte Carlo First Visit","297","33.611000"
"0","input/maze-1.in","Monte Carlo First Visit","298","34.875000"
"0","input/maze-1.in","Monte Carlo First Visit","299","17.758000"
"0","input/maze-1.in","Monte Carlo First Visit","300","116.175000"
"0","input/maze-1.in","Monte Carlo First Visit","301","68.939000"
"0","input/maze-1.in","Monte Carlo First Visit","302","51.995000"
"0","input/maze-1.in","Monte Carlo First Visit","303","60.067000"
"0","input/maze-1.in","Monte Carlo First Visit","304","50.027000"
"0","input/maze-1.in","Monte Carlo First Visit","305","35.436000"
"0","input/maze-1.in","Monte Carlo First Visit","306","57.614000"
"0","input/maze-1.in","Monte Carlo First Visit","307","43.307000"
"0","input/maze-1.in","Monte Carlo First Visit","308","45.013000"
"0","input/maze-1.in","Monte Carlo First Visit","309","43.138000"
"0","input/maze-1.in","Monte Carlo First Visit","310","143.514000"
"0","input/maze-1.in","Monte Carlo First Visit","311","41.193000"
"0","input/maze-1.in","Monte Carlo First Visit","312","84.854000"
"0","input/maze-1.in","Monte Carlo First Visit","313","33.113000"
"0","input/maze-1.in","Monte Carlo First Visit","314","44.544000"
"0","input/maze-1.in","Monte Carlo First Visit","315","66.002000"
"0","input/maze-1.in","Monte Carlo First Visit","316","35.098000"
"0","input/maze-1.in","Monte Carlo First Visit","317","77.693000"
"0","input/maze-1.in","Monte Carlo First Visit","318","43.317000"
"0","input/maze-1.in","Monte Carlo First Visit","319","17.408000"
"0","input/maze-1.in","Monte Carlo First Visit","320","26.323000"
"0","input/maze-1.in","Monte Carlo First Visit","321","41.978000"
"0","input/maze-1.in","Monte Carlo First Visit","322","24.638000"
"0","input/maze-1.in","Monte Carlo First Visit","323","51.353000"
"0","input/maze-1.in","Monte Carlo First Visit","324","50.108000"
"0","input/maze-1.in","Monte Carlo First Visit","325","90.463000"
"0","input/maze-1.in","Monte Carlo First Visit","326","55.739000"
"0","input/maze-1.in","Monte Carlo First Visit","327","58.213000"
"0","input/maze-1.in","Monte Carlo First Visit","328","42.964000"
"0","input/maze-1.in","Monte Carlo First Visit","329","25.301000"
"0","input/maze-1.in","Monte Carlo First Visit","330","31.464000"
"0","input/maze-1.in","Monte Carlo First Visit","331","42.260000"
"0","input/maze-1.in","Monte Carlo First Visit","332","24.927000"
"0","input/maze-1.in","Monte Carlo First Visit","333","24.833000"
"0","input/maze-1.in","Monte Carlo First Visit","334","17.220000"
"0","input/maze-1.in","Monte Carlo First Visit","335","41.158000"
"0","input/maze-1.in","Monte Carlo First Visit","336","48.034000"
"0","input/maze-1.in","Monte Carlo First Visit","337","42.711000"
"0","input/maze-1.in","Monte Carlo First Visit","338","32.806000"
"0","input/maze-1.in","Monte Carlo First Visit","339","42.583000"
"0","input/maze-1.in","Monte Carlo First Visit","340","42.373000"
"0","input/maze-1.in","Monte Carlo First Visit","341","17.429000"
"0","input/maze-1.in","Monte Carlo First Visit","342","43.152000"
"0","input/maze-1.in","Monte Carlo First Visit","343","112.331000"
"0","input/maze-1.in","Monte Carlo First Visit","344","57.513000"
"0","input/maze-1.in","Monte Carlo First Visit","345","57.094000"
"0","input/maze-1.in","Monte Carlo First Visit","346","40.843000"
"0","input/maze-1.in","Monte Carlo First Visit","347","25.155000"
"0","input/maze-1.in","Monte Carlo First Visit","348","17.559000"
"0","input/maze-1.in","Monte Carlo First Visit","349","35.269000"
"0","input/maze-1.in","Monte Carlo First Visit","350","50.724000"
"0","input/maze-1.in","Monte Carlo First Visit","351","41.672000"
"0","input/maze-1.in","Monte Carlo First Visit","352","25.548000"
"0","input/maze-1.in","Monte Carlo First Visit","353","40.472000"
"0","input/maze-1.in","Monte Carlo First Visit","354","40.444000"
"0","input/maze-1.in","Monte Carlo First Visit","355","60.279000"
"0","input/maze-1.in","Monte Carlo First Visit","356","48.492000"
"0","input/maze-1.in","Monte Carlo First Visit","357","31.857000"
"0","input/maze-1.in","Monte Carlo First Visit","358","29.417000"
"0","input/maze-1.in","Monte Carlo First Visit","359","49.739000"
"0","input/maze-1.in","Monte Carlo First Visit","360","40.953000"
"0","input/maze-1.in","Monte Carlo First Visit","361","58.771000"
"0","input/maze-1.in","Monte Carlo First Visit","362","25.660000"
"0","input/maze-1.in","Monte Carlo First Visit","363","50.797000"
"0","input/maze-1.in","Monte Carlo First Visit","364","52.083000"
"0","input/maze-1.in","Monte Carlo First Visit","365","23.999000"
"0","input/maze-1.in","Monte Carlo First Visit","366","47.654000"
"0","input/maze-1.in","Monte Carlo First Visit","367","32.674000"
"0","input/maze-1.in","Monte Carlo First Visit","368","43.069000"
"0","input/maze-1.in","Monte Carlo First Visit","369","16.841000"
"0","input/maze-1.in","Monte Carlo First Visit","370","69.545000"
"0","input/maze-1.in","Monte Carlo First Visit","371","25.500000"
"0","input/maze-1.in","Monte Carlo First Visit","372","59.554000"
"0","input/maze-1.in","Monte Carlo First Visit","373","25.710000"
"0","input/maze-1.in","Monte Carlo First Visit","374","17.331000"
"0","input/maze-1.in","Monte Carlo First Visit","375","42.810000"
"0","input/maze-1.in","Monte Carlo First Visit","376","33.477000"
"0","input/maze-1.in","Monte Carlo First Visit","377","42.444000"
"0","input/maze-1.in","Monte Carlo First Visit","378","25.069000"
"0","input/maze-1.in","Monte Carlo First Visit","379","17.598000"
"0","input/maze-1.in","Monte Carlo First Visit","380","24.181000"
"0","input/maze-1.in","Monte Carlo First Visit","381","51.321000"
"0","input/maze-1.in","Monte Carlo First Visit","382","95.563000"
"0","input/maze-1.in","Monte Carlo First Visit","383","49.379000"
"0","input/maze-1.in","Monte Carlo First Visit","384","25.978000"
"0","input/maze-1.in","Monte Carlo First Visit","385","33.202000"
"0","input/maze-1.in","Monte Carlo First Visit","386","66.056000"
"0","input/maze-1.in","Monte Carlo First Visit","387","25.605000"
"0","input/maze-1.in","Monte Carlo First Visit","388","77.074000"
"0","input/maze-1.in","Monte Carlo First Visit","389","69.005000"
"0","input/maze-1.in","Monte Carlo First Visit","390","33.938000"
"0","input/maze-1.in","Monte Carlo First Visit","391","26.019000"
"0","input/maze-1.in","Monte Carlo First Visit","392","49.045000"
"0","input/maze-1.in","Monte Carlo First Visit","393","66.151000"
"0","input/maze-1.in","Monte Carlo First Visit","394","25.472000"
"0","input/maze-1.in","Monte Carlo First Visit","395","40.575000"
"0","input/maze-1.in","Monte Carlo First Visit","396","48.908000"
"0","input/maze-1.in","Monte Carlo First Visit","397","25.680000"
"0","input/maze-1.in","Monte Carlo First Visit","398","69.617000"
"0","input/maze-1.in","Monte Carlo First Visit","399","31.328000"
"0","input/maze-1.in","Monte Carlo First Visit","400","34.991000"
"0","input/maze-1.in","Monte Carlo First Visit","401","48.678000"
"0","input/maze-1.in","Monte Carlo First Visit","402","51.737000"
"0","input/maze-1.in","Monte Carlo First Visit","403","42.337000"
"0","input/maze-1.in","Monte Carlo First Visit","404","79.480000"
"0","input/maze-1.in","Monte Carlo First Visit","405","33.583000"
"0","input/maze-1.in","Monte Carlo First Visit","406","33.354000"
"0","input/maze-1.in","Monte Carlo First Visit","407","61.830000"
"0","input/maze-1.in","Monte Carlo First Visit","408","73.543000"
"0","input/maze-1.in","Monte Carlo First Visit","409","76.879000"
"0","input/maze-1.in","Monte Carlo First Visit","410","51.420000"
"0","input/maze-1.in","Monte Carlo First Visit","411","25.956000"
"0","input/maze-1.in","Monte Carlo First Visit","412","52.930000"
"0","input/maze-1.in","Monte Carlo First Visit","413","33.916000"
"0","input/maze-1.in","Monte Carlo First Visit","414","51.141000"
"0","input/maze-1.in","Monte Carlo First Visit","415","16.750000"
"0","input/maze-1.in","Monte Carlo First Visit","416","41.884000"
"0","input/maze-1.in","Monte Carlo First Visit","417","35.354000"
"0","input/maze-1.in","Monte Carlo First Visit","418","120.816000"
"0","input/maze-1.in","Monte Carlo First Visit","419","49.504000"
"0","input/maze-1.in","Monte Carlo First Visit","420","67.314000"
"0","input/maze-1.in","Monte Carlo First Visit","421","44.415000"
"0","input/maze-1.in","Monte Carlo First Visit","422","95.209000"
"0","input/maze-1.in","Monte Carlo First Visit","423","26.657000"
"0","input/maze-1.in","Monte Carlo First Visit","424","42.965000"
"0","input/maze-1.in","Monte Carlo First Visit","425","55.760000"
"0","input/maze-1.in","Monte Carlo First Visit","426","50.918000"
"0","input/maze-1.in","Monte Carlo First Visit","427","52.715000"
"0","input/maze-1.in","Monte Carlo First Visit","428","84.902000"
"0","input/maze-1.in","Monte Carlo First Visit","429","41.739000"
"0","input/maze-1.in","Monte Carlo First Visit","430","42.986000"
"0","input/maze-1.in","Monte Carlo First Visit","431","35.774000"
"0","input/maze-1.in","Monte Carlo First Visit","432","73.562000"
"0","input/maze-1.in","Monte Carlo First Visit","433","43.939000"
"0","input/maze-1.in","Monte Carlo First Visit","434","41.450000"
"0","input/maze-1.in","Monte Carlo First Visit","435","86.148000"
"0","input/maze-1.in","Monte Carlo First Visit","436","41.544000"
"0","input/maze-1.in","Monte Carlo First Visit","437","18.497000"
"0","input/maze-1.in","Monte Carlo First Visit","438","35.880000"
"0","input/maze-1.in","Monte Carlo First Visit","439","69.227000"
"0","input/maze-1.in","Monte Carlo First Visit","440","36.053000"
"0","input/maze-1.in","Monte Carlo First Visit","441","18.172000"
"0","input/maze-1.in","Monte Carlo First Visit","442","65.075000"
"0","input/maze-1.in","Monte Carlo First Visit","443","35.771000"
"0","input/maze-1.in","Monte Carlo First Visit","444","43.641000"
"0","input/maze-1.in","Monte Carlo First Visit","445","49.756000"
"0","input/maze-1.in","Monte Carlo First Visit","446","18.352000"
"0","input/maze-1.in","Monte Carlo First Visit","447","27.354000"
"0","input/maze-1.in","Monte Carlo First Visit","448","43.920000"
"0","input/maze-1.in","Monte Carlo First Visit","449","52.748000"
"0","input/maze-1.in","Monte Carlo First Visit","450","42.788000"
"0","input/maze-1.in","Monte Carlo First Visit","451","133.313000"
"0","input/maze-1.in","Monte Carlo First Visit","452","47.346000"
"0","input/maze-1.in","Monte Carlo First Visit","453","36.823000"
"0","input/maze-1.in","Monte Carlo First Visit","454","61.896000"
"0","input/maze-1.in","Monte Carlo First Visit","455","55.435000"
"0","input/maze-1.in","Monte Carlo First Visit","456","68.448000"
"0","input/maze-1.in","Monte Carlo First Visit","457","49.469000"
"0","input/maze-1.in","Monte Carlo First Visit","458","47.633000"
"0","input/maze-1.in","Monte Carlo First Visit","459","44.724000"
"0","input/maze-1.in","Monte Carlo First Visit","460","42.584000"
"0","input/maze-1.in","Monte Carlo First Visit","461","36.187000"
"0","input/maze-1.in","Monte Carlo First Visit","462","72.899000"
"0","input/maze-1.in","Monte Carlo First Visit","463","117.631000"
"0","input/maze-1.in","Monte Carlo First Visit","464","33.969000"
"0","input/maze-1.in","Monte Carlo First Visit","465","56.722000"
"0","input/maze-1.in","Monte Carlo First Visit","466","26.698000"
"0","input/maze-1.in","Monte Carlo First Visit","467","167.560000"
"0","input/maze-1.in","Monte Carlo First Visit","468","60.600000"
"0","input/maze-1.in","Monte Carlo First Visit","469","88.881000"
"0","input/maze-1.in","Monte Carlo First Visit","470","61.005000"
"0","input/maze-1.in","Monte Carlo First Visit","471","45.449000"
"0","input/maze-1.in","Monte Carlo First Visit","472","70.087000"
"0","input/maze-1.in","Monte Carlo First Visit","473","131.672000"
"0","input/maze-1.in","Monte Carlo First Visit","474","49.303000"
"0","input/maze-1.in","Monte Carlo First Visit","475","33.951000"
"0","input/maze-1.in","Monte Carlo First Visit","476","64.984000"
"0","input/maze-1.in","Monte Carlo First Visit","477","36.545000"
"0","input/maze-1.in","Monte Carlo First Visit","478","56.076000"
"0","input/maze-1.in","Monte Carlo First Visit","479","92.605000"
"0","input/maze-1.in","Monte Carlo First Visit","480","70.605000"
"0","input/maze-1.in","Monte Carlo First Visit","481","47.251000"
"0","input/maze-1.in","Monte Carlo First Visit","482","25.652000"
"0","input/maze-1.in","Monte Carlo First Visit","483","45.547000"
"0","input/maze-1.in","Monte Carlo First Visit","484","25.149000"
"0","input/maze-1.in","Monte Carlo First Visit","485","44.647000"
"0","input/maze-1.in","Monte Carlo First Visit","486","106.372000"
"0","input/maze-1.in","Monte Carlo First Visit","487","83.804000"
"0","input/maze-1.in","Monte Carlo First Visit","488","49.051000"
"0","input/maze-1.in","Monte Carlo First Visit","489","55.073000"
"0","input/maze-1.in","Monte Carlo First Visit","490","36.335000"
"0","input/maze-1.in","Monte Carlo First Visit","491","59.913000"
"0","input/maze-1.in","Monte Carlo First Visit","492","46.976000"
"0","input/maze-1.in","Monte Carlo First Visit","493","57.764000"
"0","input/maze-1.in","Monte Carlo First Visit","494","86.079000"
"0","input/maze-1.in","Monte Carlo First Visit","495","125.307000"
"0","input/maze-1.in","Monte Carlo First Visit","496","50.611000"
"0","input/maze-1.in","Monte Carlo First Visit","497","93.629000"
"0","input/maze-1.in","Monte Carlo First Visit","498","76.509000"
"0","input/maze-1.in","Monte Carlo First Visit","499","80.005000"
"0","input/maze-1.in","Monte Carlo First Visit","500","62.319000"
"0","input/maze-1.in","Monte Carlo First Visit","501","56.459000"
"0","input/maze-1.in","Monte Carlo First Visit","502","38.648000"
"0","input/maze-1.in","Monte Carlo First Visit","503","47.709000"
"0","input/maze-1.in","Monte Carlo First Visit","504","115.224000"
"0","input/maze-1.in","Monte Carlo First Visit","505","108.674000"
"0","input/maze-1.in","Monte Carlo First Visit","506","26.397000"
"0","input/maze-1.in","Monte Carlo First Visit","507","104.775000"
"0","input/maze-1.in","Monte Carlo First Visit","508","74.164000"
"0","input/maze-1.in","Monte Carlo First Visit","509","77.033000"
"0","input/maze-1.in","Monte Carlo First Visit","510","28.636000"
"0","input/maze-1.in","Monte Carlo First Visit","511","81.862000"
"0","input/maze-1.in","Monte Carlo First Visit","512","36.963000"
"0","input/maze-1.in","Monte Carlo First Visit","513","31.226000"
"0","input/maze-1.in","Monte Carlo First Visit","514","103.792000"
"0","input/maze-1.in","Monte Carlo First Visit","515","62.647000"
"0","input/maze-1.in","Monte Carlo First Visit","516","29.683000"
"0","input/maze-1.in","Monte Carlo First Visit","517","19.593000"
"0","input/maze-1.in","Monte Carlo First Visit","518","57.560000"
"0","input/maze-1.in","Monte Carlo First Visit","519","43.677000"
"0","input/maze-1.in","Monte Carlo First Visit","520","20.449000"
"0","input/maze-1.in","Monte Carlo First Visit","521","27.648000"
"0","input/maze-1.in","Monte Carlo First Visit","522","48.899000"
"0","input/maze-1.in","Monte Carlo First Visit","523","36.545000"
"0","input/maze-1.in","Monte Carlo First Visit","524","28.441000"
"0","input/maze-1.in","Monte Carlo First Visit","525","53.987000"
"0","input/maze-1.in","Monte Carlo First Visit","526","55.947000"
"0","input/maze-1.in","Monte Carlo First Visit","527","116.992000"
"0","input/maze-1.in","Monte Carlo First Visit","528","96.592000"
"0","input/maze-1.in","Monte Carlo First Visit","529","29.802000"
"0","input/maze-1.in","Monte Carlo First Visit","530","47.096000"
"0","input/maze-1.in","Monte Carlo First Visit","531","52.791000"
"0","input/maze-1.in","Monte Carlo First Visit","532","30.060000"
"0","input/maze-1.in","Monte Carlo First Visit","533","40.000000"
"0","input/maze-1.in","Monte Carlo First Visit","534","20.814000"
"0","input/maze-1.in","Monte Carlo First Visit","535","45.374000"
"0","input/maze-1.in","Monte Carlo First Visit","536","48.717000"
"0","input/maze-1.in","Monte Carlo First Visit","537","66.712000"
"0","input/maze-1.in","Monte Carlo First Visit","538","77.222000"
"0","input/maze-1.in","Monte Carlo First Visit","539","38.973000"
"0","input/maze-1.in","Monte Carlo First Visit","540","20.055000"
"0","input/maze-1.in","Monte Carlo First Visit","541","59.320000"
"0","input/maze-1.in","Monte Carlo First Visit","542","45.209000"
"0","input/maze-1.in","Monte Carlo First Visit","543","65.858000"
"0","input/maze-1.in","Monte Carlo First Visit","544","92.604000"
"0","input/maze-1.in","Monte Carlo First Visit","545","28.364000"
"0","input/maze-1.in","Monte Carlo First Visit","546","28.533000"
"0","input/maze-1.in","Monte Carlo First Visit","547","48.493000"
"0","input/maze-1.in","Monte Carlo First Visit","548","47.130000"
"0","input/maze-1.in","Monte Carlo First Visit","549","26.318000"
"0","input/maze-1.in","Monte Carlo First Visit","550","29.122000"
"0","input/maze-1.in","Monte Carlo First Visit","551","109.069000"
"0","input/maze-1.in","Monte Carlo First Visit","552","20.945000"
"0","input/maze-1.in","Monte Carlo First Visit","553","44.768000"
"0","input/maze-1.in","Monte Carlo First Visit","554","47.533000"
"0","input/maze-1.in","Monte Carlo First Visit","555","112.112000"
"0","input/maze-1.in","Monte Carlo First Visit","556","53.390000"
"0","input/maze-1.in","Monte Carlo First Visit","557","36.584000"
"0","input/maze-1.in","Monte Carlo First Visit","558","44.472000"
"0","input/maze-1.in","Monte Carlo First Visit","559","74.997000"
"0","input/maze-1.in","Monte Carlo First Visit","560","66.079000"
"0","input/maze-1.in","Monte Carlo First Visit","561","40.095000"
"0","input/maze-1.in","Monte Carlo First Visit","562","34.118000"
"0","input/maze-1.in","Monte Carlo First Visit","563","49.984000"
"0","input/maze-1.in","Monte Carlo First Visit","564","41.669000"
"0","input/maze-1.in","Monte Carlo First Visit","565","46.126000"
"0","input/maze-1.in","Monte Carlo First Visit","566","38.360000"
"0","input/maze-1.in","Monte Carlo First Visit","567","36.934000"
"0","input/maze-1.in","Monte Carlo First Visit","568","65.318000"
"0","input/maze-1.in","Monte Carlo First Visit","569","36.809000"
"0","input/maze-1.in","Monte Carlo First Visit","570","25.433000"
"0","input/maze-1.in","Monte Carlo First Visit","571","39.157000"
"0","input/maze-1.in","Monte Carlo First Visit","572","49.081000"
"0","input/maze-1.in","Monte Carlo First Visit","573","57.113000"
"0","input/maze-1.in","Monte Carlo First Visit","574","29.676000"
"0","input/maze-1.in","Monte Carlo First Visit","575","38.336000"
"0","input/maze-1.in","Monte Carlo First Visit","576","45.016000"
"0","input/maze-1.in","Monte Carlo First Visit","577","29.131000"
"0","input/maze-1.in","Monte Carlo First Visit","578","54.134000"
"0","input/maze-1.in","Monte Carlo First Visit","579","45.784000"
"0","input/maze-1.in","Monte Carlo First Visit","580","29.372000"
"0","input/maze-1.in","Monte Carlo First Visit","581","17.540000"
"0","input/maze-1.in","Monte Carlo First Visit","582","46.849000"
"0","input/maze-1.in","Monte Carlo First Visit","583","29.554000"
"0","input/maze-1.in","Monte Carlo First Visit","584","93.041000"
"0","input/maze-1.in","Monte Carlo First Visit","585","47.871000"
"0","input/maze-1.in","Monte Carlo First Visit","586","85.307000"
"0","input/maze-1.in","Monte Carlo First Visit","587","46.685000"
"0","input/maze-1.in","Monte Carlo First Visit","588","61.362000"
"0","input/maze-1.in","Monte Carlo First Visit","589","28.906000"
"0","input/maze-1.in","Monte Carlo First Visit","590","30.548000"
"0","input/maze-1.in","Monte Carlo First Visit","591","75.247000"
"0","input/maze-1.in","Monte Carlo First Visit","592","17.692000"
"0","input/maze-1.in","Monte Carlo First Visit","593","62.626000"
"0","input/maze-1.in","Monte Carlo First Visit","594","30.752000"
"0","input/maze-1.in","Monte Carlo First Visit","595","71.047000"
"0","input/maze-1.in","Monte Carlo First Visit","596","82.496000"
"0","input/maze-1.in","Monte Carlo First Visit","597","29.223000"
"0","input/maze-1.in","Monte Carlo First Visit","598","28.515000"
"0","input/maze-1.in","Monte Carlo First Visit","599","20.610000"
"0","input/maze-1.in","Monte Carlo First Visit","600","56.255000"
"0","input/maze-1.in","Monte Carlo First Visit","601","36.712000"
"0","input/maze-1.in","Monte Carlo First Visit","602","35.054000"
"0","input/maze-1.in","Monte Carlo First Visit","603","47.764000"
"0","input/maze-1.in","Monte Carlo First Visit","604","39.067000"
"0","input/maze-1.in","Monte Carlo First Visit","605","38.509000"
"0","input/maze-1.in","Monte Carlo First Visit","606","83.944000"
"0","input/maze-1.in","Monte Carlo First Visit","607","47.839000"
"0","input/maze-1.in","Monte Carlo First Visit","608","45.622000"
"0","input/maze-1.in","Monte Carlo First Visit","609","45.876000"
"0","input/maze-1.in","Monte Carlo First Visit","610","61.236000"
"0","input/maze-1.in","Monte Carlo First Visit","611","56.510000"
"0","input/maze-1.in","Monte Carlo First Visit","612","54.820000"
"0","input/maze-1.in","Monte Carlo First Visit","613","47.410000"
"0","input/maze-1.in","Monte Carlo First Visit","614","27.564000"
"0","input/maze-1.in","Monte Carlo First Visit","615","47.668000"
"0","input/maze-1.in","Monte Carlo First Visit","616","66.705000"
"0","input/maze-1.in","Monte Carlo First Visit","617","56.941000"
"0","input/maze-1.in","Monte Carlo First Visit","618","28.675000"
"0","input/maze-1.in","Monte Carlo First Visit","619","47.992000"
"0","input/maze-1.in","Monte Carlo First Visit","620","29.583000"
"0","input/maze-1.in","Monte Carlo First Visit","621","78.024000"
"0","input/maze-1.in","Monte Carlo First Visit","622","77.357000"
"0","input/maze-1.in","Monte Carlo First Visit","623","20.794000"
"0","input/maze-1.in","Monte Carlo First Visit","624","37.097000"
"0","input/maze-1.in","Monte Carlo First Visit","625","47.703000"
"0","input/maze-1.in","Monte Carlo First Visit","626","39.065000"
"0","input/maze-1.in","Monte Carlo First Visit","627","47.781000"
"0","input/maze-1.in","Monte Carlo First Visit","628","61.190000"
"0","input/maze-1.in","Monte Carlo First Visit","629","67.996000"
"0","input/maze-1.in","Monte Carlo First Visit","630","30.172000"
"0","input/maze-1.in","Monte Carlo First Visit","631","102.242000"
"0","input/maze-1.in","Monte Carlo First Visit","632","66.227000"
"0","input/maze-1.in","Monte Carlo First Visit","633","28.956000"
"0","input/maze-1.in","Monte Carlo First Visit","634","56.093000"
"0","input/maze-1.in","Monte Carlo First Visit","635","39.567000"
"0","input/maze-1.in","Monte Carlo First Visit","636","44.743000"
"0","input/maze-1.in","Monte Carlo First Visit","637","62.271000"
"0","input/maze-1.in","Monte Carlo First Visit","638","38.756000"
"0","input/maze-1.in","Monte Carlo First Visit","639","65.106000"
"0","input/maze-1.in","Monte Carlo First Visit","640","29.175000"
"0","input/maze-1.in","Monte Carlo First Visit","641","29.779000"
"0","input/maze-1.in","Monte Carlo First Visit","642","65.010000"
"0","input/maze-1.in","Monte Carlo First Visit","643","103.748000"
"0","input/maze-1.in","Monte Carlo First Visit","644","74.232000"
"0","input/maze-1.in","Monte Carlo First Visit","645","48.655000"
"0","input/maze-1.in","Monte Carlo First Visit","646","47.815000"
"0","input/maze-1.in","Monte Carlo First Visit","647","54.798000"
"0","input/maze-1.in","Monte Carlo First Visit","648","54.752000"
"0","input/maze-1.in","Monte Carlo First Visit","649","83.599000"
"0","input/maze-1.in","Monte Carlo First Visit","650","45.663000"
"0","input/maze-1.in","Monte Carlo First Visit","651","48.056000"
"0","input/maze-1.in","Monte Carlo First Visit","652","76.025000"
"0","input/maze-1.in","Monte Carlo First Visit","653","62.027000"
"0","input/maze-1.in","Monte Carlo First Visit","654","59.046000"
"0","input/maze-1.in","Monte Carlo First Visit","655","18.525000"
"0","input/maze-1.in","Monte Carlo First Visit","656","39.675000"
"0","input/maze-1.in","Monte Carlo First Visit","657","54.006000"
"0","input/maze-1.in","Monte Carlo First Visit","658","36.123000"
"0","input/maze-1.in","Monte Carlo First Visit","659","37.509000"
"0","input/maze-1.in","Monte Carlo First Visit","660","30.154000"
"0","input/maze-1.in","Monte Carlo First Visit","661","79.029000"
"0","input/maze-1.in","Monte Carlo First Visit","662","36.236000"
"0","input/maze-1.in","Monte Carlo First Visit","663","47.124000"
"0","input/maze-1.in","Monte Carlo First Visit","664","53.106000"
"0","input/maze-1.in","Monte Carlo First Visit","665","21.441000"
"0","input/maze-1.in","Monte Carlo First Visit","666","64.528000"
"0","input/maze-1.in","Monte Carlo First Visit","667","78.864000"
"0","input/maze-1.in","Monte Carlo First Visit","668","58.245000"
"0","input/maze-1.in","Monte Carlo First Visit","669","64.097000"
"0","input/maze-1.in","Monte Carlo First Visit","670","42.714000"
"0","input/maze-1.in","Monte Carlo First Visit","671","56.862000"
"0","input/maze-1.in","Monte Carlo First Visit","672","75.779000"
"0","input/maze-1.in","Monte Carlo First Visit","673","36.691000"
"0","input/maze-1.in","Monte Carlo First Visit","674","30.662000"
"0","input/maze-1.in","Monte Carlo First Visit","675","74.022000"
"0","input/maze-1.in","Monte Carlo First Visit","676","15.874000"
"0","input/maze-1.in","Monte Carlo First Visit","677","29.973000"
"0","input/maze-1.in","Monte Carlo First Visit","678","40.034000"
"0","input/maze-1.in","Monte Carlo First Visit","679","40.026000"
"0","input/maze-1.in","Monte Carlo First Visit","680","17.728000"
"0","input/maze-1.in","Monte Carlo First Visit","681","66.402000"
"0","input/maze-1.in","Monte Carlo First Visit","682","57.810000"
"0","input/maze-1.in","Monte Carlo First Visit","683","70.027000"
"0","input/maze-1.in","Monte Carlo First Visit","684","35.161000"
"0","input/maze-1.in","Monte Carlo First Visit","685","167.184000"
"0","input/maze-1.in","Monte Carlo First Visit","686","31.752000"
"0","input/maze-1.in","Monte Carlo First Visit","687","20.805000"
"0","input/maze-1.in","Monte Carlo First Visit","688","57.777000"
"0","input/maze-1.in","Monte Carlo First Visit","689","76.760000"
"0","input/maze-1.in","Monte Carlo First Visit","690","55.219000"
"0","input/maze-1.in","Monte Carlo First Visit","691","46.633000"
"0","input/maze-1.in","Monte Carlo First Visit","692","21.301000"
"0","input/maze-1.in","Monte Carlo First Visit","693","30.676000"
"0","input/maze-1.in","Monte Carlo First Visit","694","76.444000"
"0","input/maze-1.in","Monte Carlo First Visit","695","29.639000"
"0","input/maze-1.in","Monte Carlo First Visit","696","46.562000"
"0","input/maze-1.in","Monte Carlo First Visit","697","72.118000"
"0","input/maze-1.in","Monte Carlo First Visit","698","29.742000"
"0","input/maze-1.in","Monte Carlo First Visit","699","38.027000"
"0","input/maze-1.in","Monte Carlo First Visit","700","68.602000"
"0","input/maze-1.in","Monte Carlo First Visit","701","21.839000"
"0","input/maze-1.in","Monte Carlo First Visit","702","38.282000"
"0","input/maze-1.in","Monte Carlo First Visit","703","31.947000"
"0","input/maze-1.in","Monte Carlo First Visit","704","44.168000"
"0","input/maze-1.in","Monte Carlo First Visit","705","62.668000"
"0","input/maze-1.in","Monte Carlo First Visit","706","21.061000"
"0","input/maze-1.in","Monte Carlo First Visit","707","43.293000"
"0","input/maze-1.in","Monte Carlo First Visit","708","21.704000"
"0","input/maze-1.in","Monte Carlo First Visit","709","65.893000"
"0","input/maze-1.in","Monte Carlo First Visit","710","40.498000"
"0","input/maze-1.in","Monte Carlo First Visit","711","30.840000"
"0","input/maze-1.in","Monte Carlo First Visit","712","38.496000"
"0","input/maze-1.in","Monte Carlo First Visit","713","40.745000"
"0","input/maze-1.in","Monte Carlo First Visit","714","30.741000"
"0","input/maze-1.in","Monte Carlo First Visit","715","61.901000"
"0","input/maze-1.in","Monte Carlo First Visit","716","29.051000"
"0","input/maze-1.in","Monte Carlo First Visit","717","87.488000"
"0","input/maze-1.in","Monte Carlo First Visit","718","47.391000"
"0","input/maze-1.in","Monte Carlo First Visit","719","21.212000"
"0","input/maze-1.in","Monte Carlo First Visit","720","50.647000"
"0","input/maze-1.in","Monte Carlo First Visit","721","75.349000"
"0","input/maze-1.in","Monte Carlo First Visit","722","58.191000"
"0","input/maze-1.in","Monte Carlo First Visit","723","49.520000"
"0","input/maze-1.in","Monte Carlo First Visit","724","54.594000"
"0","input/maze-1.in","Monte Carlo First Visit","725","100.709000"
"0","input/maze-1.in","Monte Carlo First Visit","726","38.803000"
"0","input/maze-1.in","Monte Carlo First Visit","727","89.525000"
"0","input/maze-1.in","Monte Carlo First Visit","728","31.037000"
"0","input/maze-1.in","Monte Carlo First Visit","729","44.970000"
"0","input/maze-1.in","Monte Carlo First Visit","730","41.029000"
"0","input/maze-1.in","Monte Carlo First Visit","731","21.915000"
"0","input/maze-1.in","Monte Carlo First Visit","732","40.744000"
"0","input/maze-1.in","Monte Carlo First Visit","733","58.884000"
"0","input/maze-1.in","Monte Carlo First Visit","734","68.627000"
"0","input/maze-1.in","Monte Carlo First Visit","735","63.016000"
"0","input/maze-1.in","Monte Carlo First Visit","736","36.697000"
"0","input/maze-1.in","Monte Carlo First Visit","737","64.326000"
"0","input/maze-1.in","Monte Carlo First Visit","738","19.288000"
"0","input/maze-1.in","Monte Carlo First Visit","739","67.625000"
"0","input/maze-1.in","Monte Carlo First Visit","740","41.456000"
"0","input/maze-1.in","Monte Carlo First Visit","741","47.382000"
"0","input/maze-1.in","Monte Carlo First Visit","742","89.996000"
"0","input/maze-1.in","Monte Carlo First Visit","743","57.249000"
"0","input/maze-1.in","Monte Carlo First Visit","744","71.248000"
"0","input/maze-1.in","Monte Carlo First Visit","745","37.119000"
"0","input/maze-1.in","Monte Carlo First Visit","746","55.969000"
"0","input/maze-1.in","Monte Carlo First Visit","747","66.930000"
"0","input/maze-1.in","Monte Carlo First Visit","748","105.475000"
"0","input/maze-1.in","Monte Carlo First Visit","749","55.509000"
"0","input/maze-1.in","Monte Carlo First Visit","750","68.567000"
"0","input/maze-1.in","Monte Carlo First Visit","751","32.182000"
"0","input/maze-1.in","Monte Carlo First Visit","752","105.960000"
"0","input/maze-1.in","Monte Carlo First Visit","753","90.596000"
"0","input/maze-1.in","Monte Carlo First Visit","754","42.672000"
"0","input/maze-1.in","Monte Carlo First Visit","755","21.978000"
"0","input/maze-1.in","Monte Carlo First Visit","756","41.237000"
"0","input/maze-1.in","Monte Carlo First Visit","757","31.673000"
"0","input/maze-1.in","Monte Carlo First Visit","758","22.191000"
"0","input/maze-1.in","Monte Carlo First Visit","759","56.001000"
"0","input/maze-1.in","Monte Carlo First Visit","760","63.398000"
"0","input/maze-1.in","Monte Carlo First Visit","761","78.700000"
"0","input/maze-1.in","Monte Carlo First Visit","762","71.095000"
"0","input/maze-1.in","Monte Carlo First Visit","763","61.491000"
"0","input/maze-1.in","Monte Carlo First Visit","764","82.354000"
"0","input/maze-1.in","Monte Carlo First Visit","765","76.621000"
"0","input/maze-1.in","Monte Carlo First Visit","766","68.940000"
"0","input/maze-1.in","Monte Carlo First Visit","767","52.411000"
"0","input/maze-1.in","Monte Carlo First Visit","768","59.541000"
"0","input/maze-1.in","Monte Carlo First Visit","769","69.221000"
"0","input/maze-1.in","Monte Carlo First Visit","770","62.204000"
"0","input/maze-1.in","Monte Carlo First Visit","771","79.490000"
"0","input/maze-1.in","Monte Carlo First Visit","772","31.836000"
"0","input/maze-1.in","Monte Carlo First Visit","773","17.873000"
"0","input/maze-1.in","Monte Carlo First Visit","774","32.365000"
"0","input/maze-1.in","Monte Carlo First Visit","775","33.360000"
"0","input/maze-1.in","Monte Carlo First Visit","776","137.758000"
"0","input/maze-1.in","Monte Carlo First Visit","777","52.117000"
"0","input/maze-1.in","Monte Carlo First Visit","778","22.171000"
"0","input/maze-1.in","Monte Carlo First Visit","779","68.886000"
"0","input/maze-1.in","Monte Carlo First Visit","780","81.899000"
"0","input/maze-1.in","Monte Carlo First Visit","781","31.051000"
"0","input/maze-1.in","Monte Carlo First Visit","782","49.246000"
"0","input/maze-1.in","Monte Carlo First Visit","783","39.508000"
"0","input/maze-1.in","Monte Carlo First Visit","784","71.190000"
"0","input/maze-1.in","Monte Carlo First Visit","785","83.218000"
"0","input/maze-1.in","Monte Carlo First Visit","786","43.255000"
"0","input/maze-1.in","Monte Carlo First Visit","787","67.000000"
"0","input/maze-1.in","Monte Carlo First Visit","788","50.621000"
"0","input/maze-1.in","Monte Carlo First Visit","789","47.759000"
"0","input/maze-1.in","Monte Carlo First Visit","790","58.881000"
"0","input/maze-1.in","Monte Carlo First Visit","791","58.822000"
"0","input/maze-1.in","Monte Carlo First Visit","792","22.441000"
"0","input/maze-1.in","Monte Carlo First Visit","793","59.192000"
"0","input/maze-1.in","Monte Carlo First Visit","794","82.588000"
"0","input/maze-1.in","Monte Carlo First Visit","795","49.862000"
"0","input/maze-1.in","Monte Carlo First Visit","796","34.879000"
"0","input/maze-1.in","Monte Carlo First Visit","797","51.217000"
"0","input/maze-1.in","Monte Carlo First Visit","798","22.400000"
"0","input/maze-1.in","Monte Carlo First Visit","799","32.548000"
"0","input/maze-1.in","Monte Carlo First Visit","800","50.959000"
"0","input/maze-1.in","Monte Carlo First Visit","801","96.710000"
"0","input/maze-1.in","Monte Carlo First Visit","802","43.461000"
"0","input/maze-1.in","Monte Carlo First Visit","803","38.531000"
"0","input/maze-1.in","Monte Carlo First Visit","804","32.603000"
"0","input/maze-1.in","Monte Carlo First Visit","805","59.413000"
"0","input/maze-1.in","Monte Carlo First Visit","806","42.385000"
"0","input/maze-1.in","Monte Carlo First Visit","807","31.133000"
"0","input/maze-1.in","Monte Carlo First Visit","808","22.152000"
"0","input/maze-1.in","Monte Carlo First Visit","809","71.166000"
"0","input/maze-1.in","Monte Carlo First Visit","810","57.616000"
"0","input/maze-1.in","Monte Carlo First Visit","811","106.091000"
"0","input/maze-1.in","Monte Carlo First Visit","812","48.834000"
"0","input/maze-1.in","Monte Carlo First Visit","813","35.941000"
"0","input/maze-1.in","Monte Carlo First Visit","814","22.733000"
"0","input/maze-1.in","Monte Carlo First Visit","815","50.951000"
"0","input/maze-1.in","Monte Carlo First Visit","816","66.825000"
"0","input/maze-1.in","Monte Carlo First Visit","817","68.723000"
"0","input/maze-1.in","Monte Carlo First Visit","818","19.517000"
"0","input/maze-1.in","Monte Carlo First Visit","819","100.886000"
"0","input/maze-1.in","Monte Carlo First Visit","820","76.562000"
"0","input/maze-1.in","Monte Carlo First Visit","821","38.586000"
"0","input/maze-1.in","Monte Carlo First Visit","822","22.316000"
"0","input/maze-1.in","Monte Carlo First Visit","823","56.427000"
"0","input/maze-1.in","Monte Carlo First Visit","824","51.533000"
"0","input/maze-1.in","Monte Carlo First Visit","825","81.729000"
"0","input/maze-1.in","Monte Carlo First Visit","826","54.039000"
"0","input/maze-1.in","Monte Carlo First Visit","827","73.755000"
"0","input/maze-1.in","Monte Carlo First Visit","828","32.572000"
"0","input/maze-1.in","Monte Carlo First Visit","829","44.009000"
"0","input/maze-1.in","Monte Carlo First Visit","830","40.282000"
"0","input/maze-1.in","Monte Carlo First Visit","831","49.067000"
"0","input/maze-1.in","Monte Carlo First Visit","832","57.279000"
"0","input/maze-1.in","Monte Carlo First Visit","833","64.990000"
"0","input/maze-1.in","Monte Carlo First Visit","834","36.832000"
"0","input/maze-1.in","Monte Carlo First Visit","835","38.114000"
"0","input/maze-1.in","Monte Carlo First Visit","836","43.149000"
"0","input/maze-1.in","Monte Carlo First Visit","837","97.194000"
"0","input/maze-1.in","Monte Carlo First Visit","838","51.582000"
"0","input/maze-1.in","Monte Carlo First Visit","839","29.032000"
"0","input/maze-1.in","Monte Carlo First Visit","840","80.107000"
"0","input/maze-1.in","Monte Carlo First Visit","841","90.420000"
"0","input/maze-1.in","Monte Carlo First Visit","842","66.612000"
"0","input/maze-1.in","Monte Carlo First Visit","843","59.603000"
"0","input/maze-1.in","Monte Carlo First Visit","844","40.391000"
"0","input/maze-1.in","Monte Carlo First Visit","845","69.339000"
"0","input/maze-1.in","Monte Carlo First Visit","846","51.613000"
"0","input/maze-1.in","Monte Carlo First Visit","847","65.027000"
"0","input/maze-1.in","Monte Carlo First Visit","848","22.879000"
"0","input/maze-1.in","Monte Carlo First Visit","849","34.450000"
"0","input/maze-1.in","Monte Carlo First Visit","850","62.227000"
"0","input/maze-1.in","Monte Carlo First Visit","851","59.742000"
"0","input/maze-1.in","Monte Carlo First Visit","852","48.453000"
"0","input/maze-1.in","Monte Carlo First Visit","853","22.737000"
"0","input/maze-1.in","Monte Carlo First Visit","854","40.116000"
"0","input/maze-1.in","Monte Carlo First Visit","855","22.478000"
"0","input/maze-1.in","Monte Carlo First Visit","856","52.579000"
"0","input/maze-1.in","Monte Carlo First Visit","857","64.007000"
"0","input/maze-1.in","Monte Carlo First Visit","858","63.058000"
"0","input/maze-1.in","Monte Carlo First Visit","859","40.816000"
"0","input/maze-1.in","Monte Carlo First Visit","860","58.905000"
"0","input/maze-1.in","Monte Carlo First Visit","861","71.275000"
"0","input/maze-1.in","Monte Carlo First Visit","862","95.161000"
"0","input/maze-1.in","Monte Carlo First Visit","863","40.043000"
"0","input/maze-1.in","Monte Carlo First Visit","864","52.902000"
"0","input/maze-1.in","Monte Carlo First Visit","865","44.305000"
"0","input/maze-1.in","Monte Carlo First Visit","866","64.652000"
"0","input/maze-1.in","Monte Carlo First Visit","867","59.809000"
"0","input/maze-1.in","Monte Carlo First Visit","868","83.693000"
"0","input/maze-1.in","Monte Carlo First Visit","869","28.003000"
"0","input/maze-1.in","Monte Carlo First Visit","870","23.657000"
"0","input/maze-1.in","Monte Carlo First Visit","871","43.806000"
"0","input/maze-1.in","Monte Carlo First Visit","872","57.429000"
"0","input/maze-1.in","Monte Carlo First Visit","873","43.354000"
"0","input/maze-1.in","Monte Carlo First Visit","874","51.289000"
"0","input/maze-1.in","Monte Carlo First Visit","875","72.092000"
"0","input/maze-1.in","Monte Carlo First Visit","876","52.656000"
"0","input/maze-1.in","Monte Carlo First Visit","877","66.088000"
"0","input/maze-1.in","Monte Carlo First Visit","878","54.459000"
"0","input/maze-1.in","Monte Carlo First Visit","879","78.871000"
"0","input/maze-1.in","Monte Carlo First Visit","880","67.810000"
"0","input/maze-1.in","Monte Carlo First Visit","881","57.852000"
"0","input/maze-1.in","Monte Carlo First Visit","882","112.536000"
"0","input/maze-1.in","Monte Carlo First Visit","883","44.592000"
"0","input/maze-1.in","Monte Carlo First Visit","884","43.741000"
"0","input/maze-1.in","Monte Carlo First Visit","885","44.762000"
"0","input/maze-1.in","Monte Carlo First Visit","886","147.816000"
"0","input/maze-1.in","Monte Carlo First Visit","887","52.941000"
"0","input/maze-1.in","Monte Carlo First Visit","888","54.546000"
"0","input/maze-1.in","Monte Carlo First Visit","889","32.444000"
"0","input/maze-1.in","Monte Carlo First Visit","890","70.410000"
"0","input/maze-1.in","Monte Carlo First Visit","891","22.927000"
"0","input/maze-1.in","Monte Carlo First Visit","892","48.567000"
"0","input/maze-1.in","Monte Carlo First Visit","893","70.236000"
"0","input/maze-1.in","Monte Carlo First Visit","894","53.063000"
"0","input/maze-1.in","Monte Carlo First Visit","895","32.087000"
"0","input/maze-1.in","Monte Carlo First Visit","896","43.275000"
"0","input/maze-1.in","Monte Carlo First Visit","897","78.818000"
"0","input/maze-1.in","Monte Carlo First Visit","898","58.819000"
"0","input/maze-1.in","Monte Carlo First Visit","899","56.316000"
"0","input/maze-1.in","Monte Carlo First Visit","900","61.095000"
"0","input/maze-1.in","Monte Carlo First Visit","901","93.741000"
"0","input/maze-1.in","Monte Carlo First Visit","902","33.480000"
"0","input/maze-1.in","Monte Carlo First Visit","903","18.713000"
"0","input/maze-1.in","Monte Carlo First Visit","904","73.742000"
"0","input/maze-1.in","Monte Carlo First Visit","905","81.553000"
"0","input/maze-1.in","Monte Carlo First Visit","906","72.689000"
"0","input/maze-1.in","Monte Carlo First Visit","907","43.932000"
"0","input/maze-1.in","Monte Carlo First Visit","908","32.555000"
"0","input/maze-1.in","Monte Carlo First Visit","909","46.978000"
"0","input/maze-1.in","Monte Carlo First Visit","910","34.348000"
"0","input/maze-1.in","Monte Carlo First Visit","911","63.809000"
"0","input/maze-1.in","Monte Carlo First Visit","912","63.329000"
"0","input/maze-1.in","Monte Carlo First Visit","913","49.901000"
"0","input/maze-1.in","Monte Carlo First Visit","914","62.544000"
"0","input/maze-1.in","Monte Carlo First Visit","915","32.451000"
"0","input/maze-1.in","Monte Carlo First Visit","916","32.488000"
"0","input/maze-1.in","Monte Carlo First Visit","917","53.969000"
"0","input/maze-1.in","Monte Carlo First Visit","918","48.776000"
"0","input/maze-1.in","Monte Carlo First Visit","919","54.314000"
"0","input/maze-1.in","Monte Carlo First Visit","920","51.034000"
"0","input/maze-1.in","Monte Carlo First Visit","921","108.354000"
"0","input/maze-1.in","Monte Carlo First Visit","922","95.461000"
"0","input/maze-1.in","Monte Carlo First Visit","923","67.007000"
"0","input/maze-1.in","Monte Carlo First Visit","924","61.611000"
"0","input/maze-1.in","Monte Carlo First Visit","925","33.962000"
"0","input/maze-1.in","Monte Carlo First Visit","926","44.611000"
"0","input/maze-1.in","Monte Carlo First Visit","927","32.921000"
"0","input/maze-1.in","Monte Carlo First Visit","928","67.660000"
"0","input/maze-1.in","Monte Carlo First Visit","929","32.725000"
"0","input/maze-1.in","Monte Carlo First Visit","930","49.750000"
"0","input/maze-1.in","Monte Carlo First Visit","931","60.284000"
"0","input/maze-1.in","Monte Carlo First Visit","932","20.595000"
"0","input/maze-1.in","Monte Carlo First Visit","933","86.176000"
"0","input/maze-1.in","Monte Carlo First Visit","934","41.488000"
"0","input/maze-1.in","Monte Carlo First Visit","935","41.507000"
"0","input/maze-1.in","Monte Carlo First Visit","936","54.381000"
"0","input/maze-1.in","Monte Carlo First Visit","937","57.771000"
"0","input/maze-1.in","Monte Carlo First Visit","938","32.825000"
"0","input/maze-1.in","Monte Carlo First Visit","939","29.399000"
"0","input/maze-1.in","Monte Carlo First Visit","940","96.863000"
"0","input/maze-1.in","Monte Carlo First Visit","941","93.963000"
"0","input/maze-1.in","Monte Carlo First Visit","942","77.373000"
"0","input/maze-1.in","Monte Carlo First Visit","943","62.573000"
"0","input/maze-1.in","Monte Carlo First Visit","944","34.457000"
"0","input/maze-1.in","Monte Carlo First Visit","945","62.445000"
"0","input/maze-1.in","Monte Carlo First Visit","946","32.774000"
"0","input/maze-1.in","Monte Carlo First Visit","947","81.797000"
"0","input/maze-1.in","Monte Carlo First Visit","948","54.178000"
"0","input/maze-1.in","Monte Carlo First Visit","949","67.374000"
"0","input/maze-1.in","Monte Carlo First Visit","950","42.878000"
"0","input/maze-1.in","Monte Carlo First Visit","951","75.858000"
"0","input/maze-1.in","Monte Carlo First Visit","952","54.187000"
"0","input/maze-1.in","Monte Carlo First Visit","953","41.863000"
"0","input/maze-1.in","Monte Carlo First Visit","954","64.359000"
"0","input/maze-1.in","Monte Carlo First Visit","955","67.252000"
"0","input/maze-1.in","Monte Carlo First Visit","956","51.102000"
"0","input/maze-1.in","Monte Carlo First Visit","957","55.207000"
"0","input/maze-1.in","Monte Carlo First Visit","958","50.028000"
"0","input/maze-1.in","Monte Carlo First Visit","959","62.125000"
"0","input/maze-1.in","Monte Carlo First Visit","960","35.988000"
"0","input/maze-1.in","Monte Carlo First Visit","961","58.039000"
"0","input/maze-1.in","Monte Carlo First Visit","962","23.866000"
"0","input/maze-1.in","Monte Carlo First Visit","963","50.130000"
"0","input/maze-1.in","Monte Carlo First Visit","964","55.008000"
"0","input/maze-1.in","Monte Carlo First Visit","965","116.157000"
"0","input/maze-1.in","Monte Carlo First Visit","966","38.278000"
"0","input/maze-1.in","Monte Carlo First Visit","967","51.124000"
"0","input/maze-1.in","Monte Carlo First Visit","968","34.793000"
"0","input/maze-1.in","Monte Carlo First Visit","969","100.564000"
"0","input/maze-1.in","Monte Carlo First Visit","970","97.767000"
"0","input/maze-1.in","Monte Carlo First Visit","971","34.736000"
"0","input/maze-1.in","Monte Carlo First Visit","972","33.431000"
"0","input/maze-1.in","Monte Carlo First Visit","973","58.327000"
"0","input/maze-1.in","Monte Carlo First Visit","974","57.499000"
"0","input/maze-1.in","Monte Carlo First Visit","975","55.093000"
"0","input/maze-1.in","Monte Carlo First Visit","976","45.534000"
"0","input/maze-1.in","Monte Carlo First Visit","977","90.481000"
"0","input/maze-1.in","Monte Carlo First Visit","978","95.210000"
"0","input/maze-1.in","Monte Carlo First Visit","979","51.803000"
"0","input/maze-1.in","Monte Carlo First Visit","980","33.446000"
"0","input/maze-1.in","Monte Carlo First Visit","981","79.507000"
"0","input/maze-1.in","Monte Carlo First Visit","982","147.877000"
"0","input/maze-1.in","Monte Carlo First Visit","983","38.773000"
"0","input/maze-1.in","Monte Carlo First Visit","984","54.789000"
"0","input/maze-1.in","Monte Carlo First Visit","985","42.401000"
"0","input/maze-1.in","Monte Carlo First Visit","986","46.311000"
"0","input/maze-1.in","Monte Carlo First Visit","987","83.181000"
"0","input/maze-1.in","Monte Carlo First Visit","988","45.484000"
"0","input/maze-1.in","Monte Carlo First Visit","989","48.477000"
"0","input/maze-1.in","Monte Carlo First Visit","990","58.986000"
"0","input/maze-1.in","Monte Carlo First Visit","991","53.604000"
"0","input/maze-1.in","Monte Carlo First Visit","992","66.265000"
"0","input/maze-1.in","Monte Carlo First Visit","993","74.643000"
"0","input/maze-1.in","Monte Carlo First Visit","994","35.348000"
"0","input/maze-1.in","Monte Carlo First Visit","995","128.889000"
"0","input/maze-1.in","Monte Carlo First Visit","996","55.404000"
"0","input/maze-1.in","Monte Carlo First Visit","997","24.293000"
"0","input/maze-1.in","Monte Carlo First Visit","998","78.268000"
"0","input/maze-1.in","Monte Carlo First Visit","999","56.305000"
"0","input/maze-1.in","Synchronous Value Iteration","0","44.213000"
"0","input/maze-1.in","Synchronous Value Iteration","1","41.867000"
"0","input/maze-1.in","Synchronous Value Iteration","2","41.369000"
"0","input/maze-1.in","Synchronous Value Iteration","3","41.186000"
"0","input/maze-1.in","Synchronous Value Iteration","4","40.565000"
"0","input/maze-1.in","Synchronous Value Iteration","5","40.497000"
"0","input/maze-1.in","Synchronous Value Iteration","6","41.020000"
"0","input/maze-1.in","Synchronous Value Iteration","7","40.681000"
"0","input/maze-1.in","Synchronous Value Iteration","8","40.343000"
"0","input/maze-1.in","Synchronous Value Iteration","9","40.902000"
"0","input/maze-1.in","Synchronous Value Iteration","10","40.814000"
"0","input/maze-1.in","Synchronous Value Iteration","11","40.112000"
"0","input/maze-1.in","Synchronous Value Iteration","12","40.292000"
"0","input/maze-1.in","Synchronous Value Iteration","13","40.320000"
